id_venta;id_pais;fecha;id_modelo;id_categoria;precio_usd;cantidad_vendida
1;6;1/1/2018;10;4;18338.83;27
2;5;3/1/2018;30;5;65401.54;1
3;5;5/1/2018;4;3;63381.4;5
4;6;7/1/2018;26;5;52289.07;34
5;4;9/1/2018;14;3;67591.99;10
6;5;11/1/2018;18;1;75777.63;15
7;8;14/1/2018;7;5;23711.38;48
8;4;16/1/2018;32;1;21545.98;23
9;3;18/1/2018;11;2;46537.41;7
10;8;20/1/2018;11;4;54838.36;15
11;2;22/1/2018;29;3;38793.94;31
12;3;25/1/2018;2;3;54991.69;22
13;2;27/1/2018;7;1;19802.64;25
14;3;29/1/2018;29;1;68681.86;12
15;7;31/1/2018;1;4;61899.93;18
16;1;2/2/2018;27;3;18634.08;2
17;8;5/2/2018;22;3;70809.42;36
18;3;7/2/2018;20;3;48980.73;30
19;8;9/2/2018;22;2;76760.2;36
20;3;11/2/2018;7;4;26692.73;16
21;2;13/2/2018;21;3;50873.44;22
22;7;16/2/2018;13;1;66133.06;41
23;7;18/2/2018;19;1;53857.82;48
24;3;20/2/2018;9;1;20758.7;35
25;3;22/2/2018;14;1;63387.22;32
26;5;24/2/2018;17;2;45337.03;23
27;4;26/2/2018;21;1;67395.54;50
28;1;1/3/2018;27;5;56655.33;1
29;5;3/3/2018;8;5;17910.5;32
30;6;5/3/2018;14;4;60549.26;46
31;3;7/3/2018;28;3;30733.15;6
32;3;9/3/2018;29;1;24691.66;38
33;6;12/3/2018;3;4;56030.1;45
34;4;14/3/2018;24;5;27171.39;35
35;3;16/3/2018;24;3;55584.42;8
36;6;18/3/2018;6;5;53189.78;46
37;4;20/3/2018;20;5;31688.73;31
38;7;23/3/2018;5;3;56505.13;37
39;2;25/3/2018;15;1;46801.47;18
40;4;27/3/2018;26;3;45066.73;14
41;3;29/3/2018;16;3;25414.71;43
42;8;31/3/2018;12;5;23877.17;40
43;2;3/4/2018;18;4;71272.44;22
44;5;5/4/2018;3;4;21966.33;21
45;4;7/4/2018;23;1;20635.2;16
46;3;9/4/2018;12;4;70829.32;40
47;3;11/4/2018;30;4;68722.33;33
48;8;14/4/2018;17;1;23986.52;30
49;6;16/4/2018;27;3;44711.01;29
50;4;18/4/2018;11;3;50060.26;35
51;2;20/4/2018;8;4;30273.4;41
52;5;22/4/2018;25;2;51483.13;21
53;1;24/4/2018;4;4;71486.05;17
54;5;27/4/2018;22;1;77576.47;10
55;6;29/4/2018;8;2;73559.38;32
56;6;1/5/2018;15;2;60667.48;37
57;2;3/5/2018;20;3;36382.17;20
58;4;5/5/2018;19;4;39163.46;24
59;4;8/5/2018;32;3;28011.76;15
60;7;10/5/2018;24;2;25837.76;25
61;6;12/5/2018;1;5;74312.49;34
62;5;14/5/2018;17;4;78357.48;16
63;2;16/5/2018;29;5;75822.8;21
64;5;19/5/2018;29;1;42920.0;15
65;1;21/5/2018;9;2;29558.02;3
66;7;23/5/2018;24;4;50076.99;11
67;2;25/5/2018;23;1;16611.1;38
68;7;27/5/2018;32;3;54445.23;36
69;2;30/5/2018;13;3;61734.47;6
70;4;1/6/2018;20;4;58448.1;49
71;7;3/6/2018;16;1;25500.56;7
72;1;5/6/2018;18;2;47403.49;2
73;3;7/6/2018;18;1;55912.06;31
74;5;10/6/2018;8;5;15246.56;8
75;3;12/6/2018;31;3;29587.31;29
76;4;14/6/2018;15;3;55934.08;16
77;6;16/6/2018;1;1;66696.68;34
78;3;18/6/2018;7;1;29999.63;7
79;7;20/6/2018;3;4;67726.85;14
80;4;23/6/2018;14;5;51716.63;49
81;4;25/6/2018;2;1;39429.3;23
82;1;27/6/2018;31;1;24692.52;1
83;5;29/6/2018;17;4;65844.2;11
84;3;1/7/2018;19;3;75375.06;40
85;4;4/7/2018;28;1;54858.96;3
86;7;6/7/2018;17;5;79630.82;2
87;5;8/7/2018;21;4;23515.01;13
88;4;10/7/2018;18;3;18109.54;43
89;7;12/7/2018;12;5;56793.36;9
90;4;15/7/2018;23;2;30212.54;34
91;3;17/7/2018;3;1;74025.36;45
92;5;19/7/2018;18;2;64788.25;21
93;7;21/7/2018;11;5;75719.5;38
94;5;23/7/2018;28;5;67576.15;33
95;8;26/7/2018;16;5;33379.84;25
96;8;28/7/2018;15;5;50445.92;15
97;3;30/7/2018;30;2;30117.19;6
98;6;1/8/2018;15;3;48887.76;16
99;1;3/8/2018;12;2;35999.92;7
100;6;6/8/2018;23;3;70796.42;9
101;8;8/8/2018;7;5;19536.39;41
102;4;10/8/2018;14;2;41905.14;24
103;2;12/8/2018;6;2;21869.46;42
104;7;14/8/2018;25;3;35324.3;13
105;7;16/8/2018;9;1;77934.18;23
106;1;19/8/2018;28;3;22428.67;46
107;8;21/8/2018;31;3;62303.79;25
108;4;23/8/2018;4;3;38675.35;13
109;1;25/8/2018;6;1;31226.27;10
110;7;27/8/2018;18;1;65147.11;49
111;8;30/8/2018;4;4;78706.55;13
112;3;1/9/2018;22;4;71702.35;7
113;7;3/9/2018;12;2;54610.36;38
114;8;5/9/2018;26;4;34484.34;11
115;7;7/9/2018;31;1;16535.32;11
116;3;10/9/2018;26;4;66177.24;48
117;1;12/9/2018;7;5;15739.22;35
118;7;14/9/2018;20;4;37035.07;1
119;4;16/9/2018;27;5;69025.34;35
120;1;18/9/2018;26;3;58324.01;34
121;8;21/9/2018;21;4;34292.07;26
122;7;23/9/2018;11;4;60148.19;45
123;7;25/9/2018;1;2;47188.08;33
124;7;27/9/2018;17;5;15630.48;30
125;8;29/9/2018;23;5;23231.53;28
126;1;2/10/2018;31;3;58947.26;8
127;8;4/10/2018;6;4;75874.57;25
128;3;6/10/2018;10;1;47160.23;35
129;3;8/10/2018;12;2;41515.3;11
130;6;10/10/2018;17;3;62184.45;23
131;1;12/10/2018;17;5;30527.21;49
132;5;15/10/2018;10;5;61327.28;21
133;6;17/10/2018;17;5;36601.84;10
134;6;19/10/2018;10;4;49992.72;33
135;3;21/10/2018;31;5;15619.26;30
136;1;23/10/2018;20;5;67806.7;1
137;4;26/10/2018;21;4;16442.08;45
138;5;28/10/2018;9;1;27426.34;33
139;3;30/10/2018;2;4;57733.41;12
140;4;1/11/2018;4;3;59426.08;46
141;8;3/11/2018;14;5;71858.91;29
142;1;6/11/2018;27;4;66564.45;48
143;1;8/11/2018;31;3;36677.29;12
144;3;10/11/2018;5;3;25214.0;18
145;6;12/11/2018;24;2;26670.44;3
146;7;14/11/2018;12;1;37627.39;16
147;1;17/11/2018;9;4;21062.61;27
148;2;19/11/2018;27;2;70321.49;25
149;2;21/11/2018;22;3;53527.04;25
150;4;23/11/2018;29;3;66133.43;49
151;1;25/11/2018;27;1;36280.92;37
152;4;28/11/2018;21;2;65271.88;40
153;6;30/11/2018;29;4;21904.33;47
154;8;2/12/2018;18;2;21020.77;30
155;6;4/12/2018;1;5;36166.39;9
156;1;6/12/2018;16;1;72452.19;47
157;8;8/12/2018;22;4;49750.34;9
158;6;11/12/2018;4;3;26672.14;7
159;4;13/12/2018;17;2;51896.02;24
160;5;15/12/2018;17;1;46879.98;17
161;8;17/12/2018;22;4;68884.14;11
162;4;19/12/2018;24;2;72149.22;46
163;1;22/12/2018;27;5;46749.15;27
164;3;24/12/2018;31;4;33964.95;7
165;5;26/12/2018;19;4;48210.88;4
166;2;28/12/2018;2;2;43404.84;7
167;6;30/12/2018;11;4;43764.29;38
168;6;2/1/2019;29;4;46439.61;17
169;4;4/1/2019;19;3;64626.74;45
170;3;6/1/2019;19;3;31994.86;49
171;2;8/1/2019;21;5;39317.16;8
172;1;10/1/2019;10;2;26759.04;21
173;5;13/1/2019;7;1;49787.39;41
174;3;15/1/2019;21;4;60518.45;23
175;8;17/1/2019;31;3;18681.55;10
176;4;19/1/2019;4;2;52237.1;10
177;6;21/1/2019;15;5;19261.34;18
178;8;24/1/2019;17;4;32711.07;18
179;2;26/1/2019;29;2;44389.22;28
180;6;28/1/2019;23;2;58716.85;38
181;8;30/1/2019;14;3;79229.29;31
182;5;1/2/2019;19;3;78822.21;36
183;1;3/2/2019;8;2;62913.7;30
184;2;6/2/2019;4;5;63661.21;42
185;2;8/2/2019;1;4;31666.38;12
186;1;10/2/2019;20;1;54999.15;1
187;6;12/2/2019;29;5;52047.13;12
188;5;14/2/2019;2;4;58247.11;37
189;2;17/2/2019;17;4;44834.84;23
190;4;19/2/2019;28;5;49599.68;23
191;1;21/2/2019;22;5;79165.4;24
192;1;23/2/2019;28;3;51737.68;23
193;6;25/2/2019;4;5;43869.28;14
194;4;28/2/2019;24;1;45275.1;9
195;8;2/3/2019;28;4;75542.54;25
196;4;4/3/2019;9;2;73029.62;50
197;6;6/3/2019;17;3;40202.34;40
198;8;8/3/2019;15;3;49642.72;28
199;3;11/3/2019;18;4;31453.16;37
200;7;13/3/2019;11;3;31564.87;24
201;1;15/3/2019;11;1;47591.55;35
202;3;17/3/2019;1;2;73184.87;37
203;8;19/3/2019;20;1;62105.92;3
204;4;22/3/2019;18;4;55774.41;34
205;5;24/3/2019;15;3;58776.65;6
206;1;26/3/2019;29;2;19141.54;47
207;3;28/3/2019;18;3;46423.3;48
208;2;30/3/2019;24;3;32712.29;48
209;1;1/4/2019;19;2;26976.76;8
210;6;4/4/2019;16;4;46767.3;27
211;1;6/4/2019;28;3;38562.95;9
212;7;8/4/2019;22;1;24095.52;50
213;3;10/4/2019;9;5;48460.25;12
214;3;12/4/2019;8;4;34728.44;44
215;2;15/4/2019;16;5;64022.57;23
216;2;17/4/2019;7;5;30753.23;5
217;8;19/4/2019;27;4;39134.6;2
218;7;21/4/2019;27;2;53469.07;34
219;7;23/4/2019;2;5;51375.59;18
220;3;26/4/2019;25;4;61304.03;37
221;2;28/4/2019;24;3;48798.77;1
222;3;30/4/2019;26;2;56621.19;42
223;7;2/5/2019;4;5;47742.03;13
224;8;4/5/2019;1;4;20676.16;15
225;4;7/5/2019;14;3;60461.03;27
226;6;9/5/2019;12;1;26119.54;2
227;2;11/5/2019;7;2;55048.07;48
228;2;13/5/2019;10;1;76532.61;2
229;1;15/5/2019;6;1;37852.69;32
230;7;18/5/2019;23;1;25862.85;37
231;2;20/5/2019;27;3;17665.7;28
232;3;22/5/2019;12;5;33775.68;21
233;6;24/5/2019;12;1;53680.56;47
234;4;26/5/2019;10;5;41698.53;14
235;7;28/5/2019;25;2;70718.31;50
236;2;31/5/2019;29;5;31998.43;49
237;5;2/6/2019;18;2;43843.41;32
238;4;4/6/2019;17;2;15264.99;29
239;3;6/6/2019;7;2;69021.46;13
240;2;8/6/2019;27;3;74680.31;2
241;1;11/6/2019;32;3;30808.95;28
242;8;13/6/2019;24;3;46876.25;32
243;5;15/6/2019;1;5;51657.06;50
244;6;17/6/2019;21;3;50893.08;27
245;1;19/6/2019;2;5;17208.37;44
246;6;22/6/2019;3;3;56973.95;33
247;7;24/6/2019;32;3;56173.86;21
248;7;26/6/2019;5;4;20974.11;22
249;5;28/6/2019;16;2;74981.51;29
250;6;30/6/2019;25;3;52937.49;43
251;3;3/7/2019;4;4;79041.44;46
252;2;5/7/2019;18;5;67721.21;12
253;7;7/7/2019;15;5;40927.53;10
254;8;9/7/2019;32;2;42135.92;33
255;5;11/7/2019;19;3;25629.59;47
256;3;14/7/2019;26;5;55010.11;29
257;4;16/7/2019;3;5;47151.93;40
258;1;18/7/2019;11;1;21948.23;23
259;2;20/7/2019;25;5;46873.59;21
260;7;22/7/2019;16;2;42981.07;27
261;3;24/7/2019;8;5;27199.46;13
262;7;27/7/2019;27;3;52974.66;6
263;5;29/7/2019;20;5;60425.6;14
264;7;31/7/2019;24;5;62663.83;38
265;6;2/8/2019;14;1;79858.17;41
266;5;4/8/2019;32;3;69596.32;19
267;1;7/8/2019;20;3;79753.9;35
268;6;9/8/2019;6;1;37724.69;47
269;2;11/8/2019;9;5;38605.63;8
270;6;13/8/2019;8;4;51326.91;21
271;5;15/8/2019;27;3;59392.09;50
272;6;18/8/2019;21;4;43441.64;3
273;1;20/8/2019;18;3;53397.9;11
274;7;22/8/2019;29;4;21105.39;13
275;8;24/8/2019;31;4;17934.32;43
276;4;26/8/2019;8;1;71603.87;25
277;4;29/8/2019;20;1;67438.16;17
278;6;31/8/2019;28;2;78960.75;9
279;1;2/9/2019;32;2;46220.16;42
280;2;4/9/2019;29;5;48707.71;20
281;2;6/9/2019;13;5;70488.24;11
282;3;9/9/2019;12;1;65527.3;40
283;2;11/9/2019;20;5;65421.08;23
284;4;13/9/2019;23;1;75553.08;38
285;7;15/9/2019;22;3;76622.15;2
286;3;17/9/2019;23;4;29629.4;2
287;6;19/9/2019;25;1;62678.47;38
288;8;22/9/2019;28;1;25802.52;5
289;1;24/9/2019;15;5;51124.83;5
290;2;26/9/2019;1;4;46738.2;17
291;8;28/9/2019;5;2;20126.38;7
292;7;30/9/2019;14;5;45452.55;47
293;6;3/10/2019;31;5;18211.67;5
294;7;5/10/2019;22;3;62250.96;4
295;1;7/10/2019;8;5;35061.73;7
296;1;9/10/2019;24;2;40922.13;16
297;4;11/10/2019;31;1;66087.74;6
298;7;14/10/2019;13;4;26902.14;39
299;5;16/10/2019;13;5;42541.48;43
300;2;18/10/2019;1;1;17687.15;45
301;4;20/10/2019;27;4;23655.77;48
302;2;22/10/2019;3;4;19717.6;26
303;1;25/10/2019;20;5;61499.94;24
304;8;27/10/2019;11;2;72205.36;31
305;2;29/10/2019;29;5;30673.29;6
306;6;31/10/2019;7;4;72138.31;42
307;8;2/11/2019;15;5;44281.3;46
308;2;5/11/2019;1;1;15475.95;3
309;5;7/11/2019;31;5;78957.02;42
310;8;9/11/2019;6;2;52877.23;31
311;1;11/11/2019;15;3;73219.98;9
312;1;13/11/2019;12;3;67152.46;36
313;2;15/11/2019;29;3;22360.12;29
314;4;18/11/2019;25;2;59108.03;42
315;5;20/11/2019;18;2;35789.59;25
316;8;22/11/2019;17;2;55448.54;23
317;7;24/11/2019;25;5;57045.13;20
318;8;26/11/2019;13;3;59490.5;23
319;1;29/11/2019;13;3;46591.17;30
320;5;1/12/2019;13;4;39336.13;10
321;2;3/12/2019;26;1;57099.66;36
322;5;5/12/2019;9;1;75516.32;12
323;7;7/12/2019;1;1;59492.31;33
324;1;10/12/2019;9;5;59920.55;4
325;4;12/12/2019;11;4;65060.96;36
326;4;14/12/2019;16;3;68102.49;40
327;2;16/12/2019;29;5;78544.89;50
328;8;18/12/2019;19;3;16835.0;38
329;1;21/12/2019;24;4;75981.07;26
330;6;23/12/2019;24;5;70887.56;27
331;4;25/12/2019;14;2;75843.62;46
332;4;27/12/2019;7;2;79571.88;37
333;7;29/12/2019;19;1;68691.14;12
334;6;1/1/2020;13;4;32068.98;10
335;1;3/1/2020;32;5;17565.58;46
336;2;5/1/2020;15;2;70403.56;48
337;7;7/1/2020;23;5;45588.69;3
338;3;9/1/2020;31;4;34690.64;45
339;4;11/1/2020;5;5;59763.57;6
340;7;14/1/2020;26;2;20646.96;11
341;3;16/1/2020;15;4;47314.2;15
342;4;18/1/2020;8;2;57921.41;46
343;6;20/1/2020;7;5;69846.81;1
344;8;22/1/2020;7;4;24364.58;3
345;3;25/1/2020;6;5;53858.54;11
346;8;27/1/2020;9;2;47308.4;2
347;7;29/1/2020;3;1;28199.57;31
348;5;31/1/2020;26;5;66996.06;33
349;5;2/2/2020;26;5;15523.03;6
350;6;5/2/2020;23;2;24755.92;33
351;8;7/2/2020;4;5;47869.97;26
352;8;9/2/2020;32;5;53002.88;6
353;7;11/2/2020;26;3;16560.44;29
354;3;13/2/2020;19;5;74092.31;13
355;5;16/2/2020;21;4;26037.39;22
356;3;18/2/2020;24;3;42874.38;6
357;7;20/2/2020;12;3;68184.93;17
358;5;22/2/2020;21;2;54122.85;38
359;8;24/2/2020;10;5;37386.02;23
360;5;26/2/2020;5;2;25309.36;21
361;3;29/2/2020;17;3;24819.11;17
362;3;2/3/2020;27;5;53510.85;19
363;4;4/3/2020;25;1;35685.22;15
364;2;6/3/2020;16;3;46974.94;2
365;4;8/3/2020;28;5;67347.55;24
366;7;11/3/2020;2;2;46985.45;36
367;2;13/3/2020;10;2;75754.27;6
368;6;15/3/2020;14;3;49660.77;9
369;5;17/3/2020;31;5;22796.19;32
370;1;19/3/2020;15;2;23885.75;50
371;1;22/3/2020;7;2;73250.19;46
372;6;24/3/2020;4;2;42535.75;24
373;8;26/3/2020;13;1;54492.24;37
374;3;28/3/2020;1;2;50479.93;1
375;8;30/3/2020;28;5;41596.16;28
376;6;2/4/2020;10;1;19687.62;48
377;6;4/4/2020;12;2;20201.41;10
378;5;6/4/2020;23;3;74867.58;29
379;4;8/4/2020;10;5;43337.64;31
380;5;10/4/2020;17;5;78014.95;7
381;2;13/4/2020;12;3;54709.65;42
382;6;15/4/2020;22;1;32555.25;19
383;3;17/4/2020;26;5;45736.85;29
384;4;19/4/2020;30;2;28708.8;4
385;4;21/4/2020;11;3;76769.66;39
386;2;23/4/2020;10;3;58342.4;6
387;4;26/4/2020;32;2;59398.77;7
388;8;28/4/2020;6;5;52986.92;10
389;6;30/4/2020;31;1;20887.45;12
390;6;2/5/2020;28;1;16683.83;17
391;4;4/5/2020;32;2;64859.15;46
392;3;7/5/2020;29;1;19695.37;38
393;6;9/5/2020;10;3;62397.14;48
394;1;11/5/2020;18;3;21494.41;45
395;7;13/5/2020;9;2;52711.16;3
396;2;15/5/2020;11;1;15488.63;37
397;2;18/5/2020;16;2;15614.95;21
398;5;20/5/2020;14;2;54229.06;36
399;2;22/5/2020;13;2;49018.61;6
400;8;24/5/2020;20;4;39202.4;29
401;6;26/5/2020;8;4;66983.28;33
402;6;29/5/2020;17;5;18678.31;2
403;1;31/5/2020;13;1;29892.25;41
404;7;2/6/2020;29;1;45868.16;9
405;1;4/6/2020;26;3;52112.58;25
406;8;6/6/2020;21;3;62647.18;24
407;3;9/6/2020;9;5;40485.49;42
408;3;11/6/2020;13;1;44321.88;47
409;6;13/6/2020;2;5;33409.83;17
410;5;15/6/2020;5;2;38552.96;41
411;2;17/6/2020;32;5;47246.81;27
412;5;19/6/2020;2;4;50305.74;31
413;1;22/6/2020;2;4;25995.74;5
414;3;24/6/2020;29;5;30452.75;26
415;6;26/6/2020;4;2;25766.95;36
416;7;28/6/2020;18;1;21085.07;33
417;5;30/6/2020;31;4;24322.64;33
418;5;3/7/2020;12;1;75869.5;50
419;1;5/7/2020;21;5;73493.88;2
420;3;7/7/2020;24;2;33705.7;3
421;8;9/7/2020;8;1;60156.45;26
422;1;11/7/2020;28;2;23742.69;23
423;7;14/7/2020;25;4;78217.55;18
424;8;16/7/2020;4;2;26657.14;20
425;3;18/7/2020;4;2;57919.87;5
426;6;20/7/2020;16;2;19605.03;16
427;2;22/7/2020;29;5;27284.08;2
428;6;25/7/2020;27;4;79149.38;34
429;3;27/7/2020;21;4;42582.15;38
430;6;29/7/2020;22;5;31976.37;36
431;4;31/7/2020;13;2;28957.71;28
432;4;2/8/2020;4;4;69122.6;23
433;5;5/8/2020;31;3;71231.46;24
434;7;7/8/2020;27;1;57431.85;16
435;5;9/8/2020;18;3;70098.92;1
436;4;11/8/2020;2;2;22369.5;50
437;7;13/8/2020;7;5;22844.84;42
438;5;15/8/2020;12;5;19049.23;10
439;7;18/8/2020;30;3;20420.16;21
440;3;20/8/2020;10;1;61472.51;47
441;7;22/8/2020;10;2;74657.77;48
442;5;24/8/2020;6;4;65756.8;10
443;1;26/8/2020;1;4;28398.82;30
444;2;29/8/2020;15;4;17882.61;24
445;8;31/8/2020;24;5;78053.4;28
446;2;2/9/2020;12;4;15559.04;6
447;3;4/9/2020;30;3;76444.23;7
448;8;6/9/2020;32;4;17272.5;43
449;4;9/9/2020;2;5;72557.4;13
450;4;11/9/2020;30;5;65648.54;6
451;6;13/9/2020;8;5;77318.85;29
452;6;15/9/2020;14;2;18781.73;18
453;3;17/9/2020;17;1;75549.77;11
454;2;20/9/2020;1;1;53186.0;32
455;5;22/9/2020;30;2;53715.64;10
456;7;24/9/2020;25;4;73089.65;30
457;3;26/9/2020;16;2;79277.66;41
458;1;28/9/2020;23;3;52286.52;50
459;7;1/10/2020;29;4;16834.05;23
460;4;3/10/2020;9;2;69442.79;45
461;5;5/10/2020;23;4;20242.9;47
462;5;7/10/2020;25;3;58938.19;9
463;1;9/10/2020;15;1;20481.34;38
464;4;11/10/2020;13;5;35956.15;18
465;2;14/10/2020;1;4;69390.85;5
466;1;16/10/2020;8;3;51668.82;8
467;2;18/10/2020;15;1;31681.14;18
468;8;20/10/2020;29;5;59084.54;45
469;6;22/10/2020;17;1;70155.66;16
470;7;25/10/2020;23;1;46131.84;7
471;1;27/10/2020;15;4;21727.02;18
472;3;29/10/2020;23;3;44679.55;44
473;5;31/10/2020;7;2;46650.97;4
474;2;2/11/2020;27;1;15141.73;24
475;1;5/11/2020;6;4;78228.6;43
476;2;7/11/2020;9;1;45067.5;44
477;3;9/11/2020;16;5;20883.32;18
478;3;11/11/2020;15;3;31627.18;22
479;3;13/11/2020;30;5;19093.65;10
480;6;16/11/2020;32;3;46760.19;36
481;1;18/11/2020;30;1;45898.64;46
482;7;20/11/2020;1;3;48793.91;18
483;3;22/11/2020;18;4;38303.25;11
484;6;24/11/2020;9;5;50424.88;32
485;8;27/11/2020;13;3;21111.3;1
486;8;29/11/2020;12;1;26501.41;3
487;2;1/12/2020;2;1;48334.97;6
488;2;3/12/2020;13;2;39955.47;7
489;6;5/12/2020;24;1;70307.43;35
490;4;7/12/2020;32;1;39124.69;38
491;4;10/12/2020;18;1;45552.83;28
492;6;12/12/2020;19;5;21918.46;18
493;7;14/12/2020;21;5;16152.14;3
494;3;16/12/2020;8;1;77115.23;50
495;7;18/12/2020;10;3;71048.44;9
496;5;21/12/2020;2;3;26024.28;45
497;8;23/12/2020;6;5;44680.03;12
498;2;25/12/2020;12;2;32027.19;13
499;3;27/12/2020;17;5;66729.69;5
500;2;29/12/2020;11;4;53172.3;40
501;1;1/1/2021;1;1;58173.53;37
502;2;3/1/2021;17;2;63477.0;11
503;5;5/1/2021;21;2;56143.64;12
504;6;7/1/2021;15;4;32226.65;19
505;2;9/1/2021;14;1;59657.35;14
506;7;12/1/2021;2;1;42374.15;6
507;6;14/1/2021;22;3;74478.49;42
508;3;16/1/2021;32;1;63655.29;9
509;1;18/1/2021;23;5;61340.54;46
510;1;20/1/2021;31;4;58063.87;4
511;2;23/1/2021;31;1;40807.14;47
512;5;25/1/2021;28;3;24609.91;3
513;1;27/1/2021;10;1;39104.98;35
514;7;29/1/2021;20;4;28042.32;1
515;5;31/1/2021;28;4;38176.2;20
516;4;2/2/2021;23;5;44924.09;16
517;2;5/2/2021;5;2;58003.65;30
518;3;7/2/2021;28;4;76325.51;29
519;7;9/2/2021;4;1;35651.15;27
520;2;11/2/2021;9;5;76999.67;7
521;8;13/2/2021;21;5;23711.81;5
522;8;16/2/2021;32;3;68176.98;20
523;7;18/2/2021;20;2;17758.75;43
524;4;20/2/2021;21;1;48988.15;17
525;7;22/2/2021;22;5;47939.39;35
526;8;24/2/2021;22;5;74187.02;33
527;5;27/2/2021;22;2;39795.9;2
528;2;1/3/2021;4;5;21887.24;18
529;3;3/3/2021;2;4;78629.55;19
530;2;5/3/2021;12;1;74001.71;15
531;8;7/3/2021;26;1;46128.58;45
532;5;10/3/2021;25;1;43134.11;8
533;3;12/3/2021;29;3;35242.56;31
534;5;14/3/2021;22;3;70640.21;44
535;2;16/3/2021;25;1;48732.0;50
536;2;18/3/2021;12;3;77504.67;23
537;6;21/3/2021;27;5;79527.68;32
538;8;23/3/2021;13;3;38027.01;25
539;7;25/3/2021;28;2;30591.46;8
540;5;27/3/2021;14;1;61267.87;1
541;1;29/3/2021;7;5;41839.26;24
542;7;31/3/2021;14;1;17953.46;45
543;3;3/4/2021;9;4;78223.0;8
544;2;5/4/2021;13;4;61859.29;13
545;6;7/4/2021;31;4;16359.09;37
546;1;9/4/2021;14;5;67892.86;12
547;1;11/4/2021;24;5;52332.74;16
548;6;14/4/2021;29;4;78869.3;43
549;4;16/4/2021;8;4;16126.62;47
550;6;18/4/2021;20;3;45230.86;34
551;6;20/4/2021;15;5;31104.71;15
552;2;22/4/2021;19;5;25300.38;4
553;8;25/4/2021;30;1;57789.22;2
554;5;27/4/2021;10;1;58284.99;50
555;7;29/4/2021;5;3;65017.9;13
556;6;1/5/2021;8;5;31306.0;34
557;1;3/5/2021;16;1;73027.69;23
558;5;6/5/2021;11;1;40976.4;31
559;2;8/5/2021;30;1;43739.08;1
560;5;10/5/2021;27;3;71948.85;37
561;8;12/5/2021;24;2;78773.93;11
562;8;14/5/2021;15;4;15990.99;10
563;1;17/5/2021;26;1;74738.08;8
564;3;19/5/2021;32;2;41403.92;2
565;4;21/5/2021;28;3;63496.61;31
566;8;23/5/2021;2;2;77456.14;7
567;5;25/5/2021;7;5;35257.19;34
568;8;27/5/2021;23;4;20565.19;6
569;8;30/5/2021;5;5;32398.33;8
570;2;1/6/2021;6;2;66844.07;40
571;7;3/6/2021;29;4;79231.24;26
572;4;5/6/2021;11;5;79335.11;7
573;6;7/6/2021;17;3;58647.48;21
574;2;10/6/2021;27;5;26455.63;13
575;3;12/6/2021;27;3;16288.43;41
576;7;14/6/2021;31;3;60314.51;5
577;8;16/6/2021;26;4;62371.25;14
578;8;18/6/2021;9;5;59203.34;10
579;7;21/6/2021;23;5;62134.48;45
580;4;23/6/2021;26;5;56698.51;45
581;7;25/6/2021;5;1;26385.83;31
582;4;27/6/2021;9;1;67748.57;3
583;3;29/6/2021;4;1;35406.18;22
584;6;2/7/2021;15;2;41436.67;16
585;6;4/7/2021;14;5;26767.92;46
586;3;6/7/2021;13;1;27304.14;3
587;7;8/7/2021;8;1;31769.35;32
588;3;10/7/2021;18;2;24629.48;38
589;6;13/7/2021;23;5;41319.04;41
590;1;15/7/2021;2;3;55588.41;35
591;8;17/7/2021;19;2;77647.24;34
592;2;19/7/2021;4;1;53119.47;44
593;4;21/7/2021;11;2;31110.15;41
594;6;23/7/2021;18;3;79529.44;3
595;2;26/7/2021;12;5;16137.31;28
596;3;28/7/2021;6;4;48818.81;40
597;8;30/7/2021;25;4;56013.97;17
598;2;1/8/2021;11;2;75465.31;14
599;5;3/8/2021;18;2;36941.24;18
600;2;6/8/2021;28;3;41533.77;45
601;4;8/8/2021;17;4;18921.01;36
602;4;10/8/2021;21;3;37742.12;42
603;3;12/8/2021;12;2;55740.71;13
604;1;14/8/2021;10;1;65639.45;6
605;6;17/8/2021;24;1;17908.53;24
606;4;19/8/2021;7;3;15345.1;17
607;1;21/8/2021;21;3;45406.04;13
608;8;23/8/2021;17;2;51661.03;12
609;7;25/8/2021;13;3;25178.44;32
610;5;28/8/2021;27;3;52335.25;49
611;2;30/8/2021;7;5;45993.96;11
612;4;1/9/2021;8;3;61749.49;25
613;6;3/9/2021;7;1;29128.21;6
614;1;5/9/2021;4;4;17651.9;20
615;4;8/9/2021;29;4;41667.41;17
616;7;10/9/2021;8;5;40592.77;42
617;2;12/9/2021;7;1;54816.83;29
618;1;14/9/2021;25;5;74633.04;39
619;4;16/9/2021;19;3;43304.63;46
620;7;18/9/2021;14;1;45334.65;9
621;8;21/9/2021;19;2;73605.64;9
622;7;23/9/2021;29;2;34399.7;39
623;5;25/9/2021;21;1;61370.23;20
624;6;27/9/2021;11;3;19322.8;49
625;3;29/9/2021;14;1;58806.96;49
626;5;2/10/2021;17;1;50544.38;31
627;8;4/10/2021;24;3;30697.33;39
628;7;6/10/2021;1;5;50684.59;48
629;7;8/10/2021;30;1;30398.61;15
630;1;10/10/2021;30;4;42864.66;43
631;7;13/10/2021;23;4;19652.83;2
632;6;15/10/2021;3;4;78749.69;49
633;8;17/10/2021;28;2;56549.05;17
634;6;19/10/2021;21;4;55155.15;48
635;5;21/10/2021;20;3;79510.92;30
636;1;24/10/2021;16;5;19360.48;45
637;2;26/10/2021;24;4;33820.53;32
638;1;28/10/2021;2;1;36025.06;37
639;1;30/10/2021;20;2;61018.67;12
640;2;1/11/2021;7;5;31189.72;12
641;4;4/11/2021;13;4;38001.6;49
642;1;6/11/2021;32;1;46510.68;28
643;4;8/11/2021;16;5;50357.48;32
644;8;10/11/2021;22;3;55328.81;13
645;3;12/11/2021;2;5;19810.07;39
646;1;14/11/2021;15;3;52785.34;34
647;4;17/11/2021;24;4;19843.34;26
648;7;19/11/2021;1;4;58135.87;17
649;2;21/11/2021;17;5;58007.27;43
650;8;23/11/2021;21;2;67673.15;37
651;2;25/11/2021;24;1;26862.16;33
652;8;28/11/2021;30;5;15171.04;17
653;6;30/11/2021;5;3;54224.76;5
654;6;2/12/2021;29;4;36247.89;34
655;8;4/12/2021;9;1;70018.97;28
656;6;6/12/2021;6;1;29812.43;22
657;2;9/12/2021;11;3;74432.38;17
658;4;11/12/2021;23;4;77603.89;30
659;7;13/12/2021;32;1;46796.75;32
660;5;15/12/2021;5;1;75629.44;25
661;7;17/12/2021;1;3;79568.79;45
662;5;20/12/2021;1;1;32365.84;34
663;4;22/12/2021;24;5;67123.59;3
664;7;24/12/2021;20;1;45852.23;26
665;7;26/12/2021;6;2;73113.49;2
666;4;28/12/2021;1;5;74298.89;28
667;7;31/12/2021;8;2;22161.65;29
668;4;2/1/2022;19;1;53254.38;27
669;6;4/1/2022;27;5;21859.25;18
670;3;6/1/2022;3;1;67401.73;40
671;4;8/1/2022;15;4;58654.47;46
672;8;10/1/2022;21;5;23203.51;13
673;3;13/1/2022;17;3;39263.56;15
674;3;15/1/2022;29;3;45588.2;8
675;4;17/1/2022;15;3;77357.52;3
676;1;19/1/2022;1;5;50576.64;32
677;1;21/1/2022;11;3;46424.4;22
678;6;24/1/2022;12;1;70675.7;32
679;4;26/1/2022;27;4;55741.05;12
680;7;28/1/2022;17;4;29834.18;41
681;4;30/1/2022;30;4;22757.68;24
682;4;1/2/2022;10;3;68492.55;48
683;3;4/2/2022;18;3;22714.11;20
684;5;6/2/2022;16;3;54472.17;14
685;4;8/2/2022;20;1;35482.89;10
686;6;10/2/2022;21;2;46443.33;3
687;1;12/2/2022;22;1;23579.85;43
688;1;15/2/2022;25;3;22968.12;2
689;7;17/2/2022;17;3;51439.78;9
690;7;19/2/2022;29;2;66080.0;16
691;7;21/2/2022;6;4;79850.96;12
692;1;23/2/2022;27;4;20055.07;47
693;5;25/2/2022;15;2;65709.62;14
694;3;28/2/2022;27;1;76822.11;12
695;8;2/3/2022;24;4;67411.16;11
696;1;4/3/2022;31;5;24273.19;18
697;8;6/3/2022;8;2;40421.23;24
698;4;8/3/2022;8;3;64094.03;7
699;8;11/3/2022;23;3;73122.63;8
700;6;13/3/2022;8;1;57145.52;17
701;8;15/3/2022;24;5;23475.11;3
702;7;17/3/2022;25;4;79548.45;31
703;8;19/3/2022;27;2;35905.57;3
704;7;22/3/2022;29;2;26296.55;34
705;7;24/3/2022;15;4;54451.1;33
706;4;26/3/2022;9;1;32328.84;7
707;1;28/3/2022;5;3;76211.18;46
708;4;30/3/2022;10;5;66153.05;12
709;4;2/4/2022;17;3;18370.12;27
710;8;4/4/2022;7;5;33819.02;10
711;6;6/4/2022;31;5;20807.07;10
712;1;8/4/2022;8;3;24900.53;15
713;6;10/4/2022;17;4;33850.79;28
714;8;13/4/2022;22;4;36555.43;50
715;1;15/4/2022;10;4;18616.19;43
716;6;17/4/2022;18;1;63500.87;38
717;8;19/4/2022;17;5;37762.03;18
718;7;21/4/2022;6;4;24356.22;24
719;6;23/4/2022;8;2;23628.43;29
720;3;26/4/2022;8;3;40059.44;39
721;1;28/4/2022;15;2;51470.81;36
722;6;30/4/2022;28;4;22667.72;2
723;7;2/5/2022;7;1;30721.93;30
724;7;4/5/2022;25;5;72453.66;23
725;8;7/5/2022;5;4;56496.01;20
726;1;9/5/2022;5;2;45967.04;24
727;4;11/5/2022;16;1;50071.17;9
728;7;13/5/2022;13;1;31819.08;48
729;1;15/5/2022;24;1;26814.35;29
730;8;18/5/2022;18;2;40871.62;10
731;8;20/5/2022;30;2;75223.33;6
732;4;22/5/2022;7;2;67102.38;18
733;8;24/5/2022;30;5;20652.93;4
734;1;26/5/2022;2;1;64818.35;28
735;6;29/5/2022;11;1;36334.86;29
736;4;31/5/2022;19;1;63749.33;17
737;6;2/6/2022;20;5;60551.39;8
738;2;4/6/2022;25;3;36632.79;50
739;7;6/6/2022;31;4;36093.65;21
740;6;9/6/2022;5;4;66309.69;15
741;1;11/6/2022;24;4;58902.95;33
742;7;13/6/2022;6;1;73020.61;44
743;7;15/6/2022;3;2;43698.67;7
744;1;17/6/2022;16;3;63596.51;46
745;1;19/6/2022;21;4;71578.11;49
746;2;22/6/2022;7;1;71979.81;38
747;6;24/6/2022;11;4;58512.86;9
748;2;26/6/2022;5;3;47220.55;46
749;6;28/6/2022;9;3;72796.21;37
750;3;30/6/2022;21;4;38905.97;20
751;1;3/7/2022;27;2;55854.74;31
752;5;5/7/2022;29;5;38970.41;34
753;2;7/7/2022;7;4;60400.28;23
754;1;9/7/2022;14;1;78625.74;39
755;1;11/7/2022;19;1;61027.4;38
756;2;14/7/2022;21;3;43637.5;25
757;8;16/7/2022;5;4;21016.88;5
758;8;18/7/2022;9;5;44449.76;18
759;4;20/7/2022;11;1;51750.79;16
760;3;22/7/2022;10;1;24259.98;21
761;7;25/7/2022;30;3;18565.61;42
762;4;27/7/2022;21;2;62403.23;14
763;7;29/7/2022;1;2;68593.71;19
764;1;31/7/2022;13;2;43400.34;11
765;3;2/8/2022;30;3;47696.49;30
766;5;5/8/2022;4;3;38224.61;47
767;7;7/8/2022;2;1;76419.66;37
768;7;9/8/2022;12;5;57403.91;25
769;5;11/8/2022;21;5;57868.94;3
770;5;13/8/2022;2;2;46031.23;1
771;2;15/8/2022;30;4;27180.43;39
772;3;18/8/2022;4;4;39116.0;38
773;7;20/8/2022;1;4;75866.59;7
774;3;22/8/2022;24;3;36091.83;32
775;3;24/8/2022;13;5;52796.77;13
776;3;26/8/2022;30;2;38687.96;32
777;6;29/8/2022;14;5;43386.67;2
778;2;31/8/2022;5;3;49643.59;26
779;2;2/9/2022;26;4;22981.12;24
780;2;4/9/2022;8;4;66142.8;33
781;5;6/9/2022;2;3;43178.76;24
782;2;9/9/2022;9;1;55862.16;26
783;6;11/9/2022;32;5;71846.56;43
784;8;13/9/2022;13;2;72534.45;32
785;7;15/9/2022;6;3;59461.14;21
786;4;17/9/2022;4;5;44239.81;20
787;6;20/9/2022;21;2;20268.83;31
788;4;22/9/2022;8;5;78012.11;24
789;1;24/9/2022;8;4;67827.79;25
790;2;26/9/2022;3;4;30496.19;8
791;8;28/9/2022;10;5;21163.63;25
792;7;1/10/2022;4;5;34322.23;31
793;3;3/10/2022;11;4;34809.32;34
794;5;5/10/2022;28;5;63844.96;43
795;8;7/10/2022;27;3;41581.11;18
796;3;9/10/2022;7;1;27534.92;35
797;5;11/10/2022;15;4;36336.03;17
798;4;14/10/2022;10;2;24550.33;10
799;1;16/10/2022;15;1;71028.36;26
800;3;18/10/2022;15;4;17519.32;23
801;4;20/10/2022;8;2;16480.38;37
802;5;22/10/2022;29;4;42405.81;33
803;6;25/10/2022;26;2;52950.37;44
804;7;27/10/2022;25;5;44454.43;24
805;7;29/10/2022;20;3;41845.13;24
806;3;31/10/2022;17;1;17691.07;22
807;7;2/11/2022;19;1;17337.91;42
808;7;5/11/2022;16;3;52881.33;11
809;1;7/11/2022;14;5;32013.4;15
810;4;9/11/2022;13;4;23290.59;49
811;2;11/11/2022;8;4;36444.9;38
812;3;13/11/2022;21;1;40170.35;39
813;1;16/11/2022;6;3;52193.83;49
814;3;18/11/2022;7;2;42114.99;37
815;4;20/11/2022;18;4;32886.57;48
816;8;22/11/2022;5;2;22056.48;43
817;3;24/11/2022;32;5;34841.84;38
818;1;27/11/2022;8;5;35586.87;49
819;3;29/11/2022;31;3;69076.07;23
820;7;1/12/2022;7;3;35238.43;38
821;6;3/12/2022;13;1;23240.29;38
822;5;5/12/2022;29;4;23257.05;47
823;2;7/12/2022;21;1;50127.2;15
824;6;10/12/2022;16;1;45219.49;43
825;3;12/12/2022;4;2;69633.63;30
826;1;14/12/2022;31;4;27069.16;6
827;2;16/12/2022;25;1;54678.7;50
828;5;18/12/2022;25;4;55150.44;11
829;8;21/12/2022;11;1;74780.82;9
830;3;23/12/2022;14;2;35618.65;29
831;3;25/12/2022;13;4;43902.66;27
832;3;27/12/2022;27;4;49617.16;36
833;5;29/12/2022;30;5;54971.31;28
834;8;1/1/2023;15;4;27807.54;14
835;2;3/1/2023;25;4;24279.75;29
836;7;5/1/2023;8;3;67674.59;7
837;2;7/1/2023;26;4;27944.39;24
838;3;9/1/2023;7;2;45458.36;32
839;3;12/1/2023;1;3;44974.68;20
840;4;14/1/2023;1;3;23280.86;43
841;2;16/1/2023;2;5;68978.51;2
842;8;18/1/2023;4;3;25766.25;6
843;4;20/1/2023;19;3;61195.27;24
844;6;23/1/2023;29;3;50101.28;43
845;8;25/1/2023;15;5;56269.72;4
846;5;27/1/2023;7;1;17119.57;29
847;3;29/1/2023;23;3;54527.8;40
848;5;31/1/2023;11;4;31192.57;25
849;5;2/2/2023;13;5;19769.97;35
850;6;5/2/2023;16;4;54917.05;26
851;3;7/2/2023;7;4;63444.31;34
852;2;9/2/2023;24;2;16215.59;32
853;5;11/2/2023;12;1;75393.39;41
854;1;13/2/2023;19;3;39115.29;24
855;3;16/2/2023;7;4;71344.19;24
856;5;18/2/2023;25;3;22177.65;21
857;4;20/2/2023;4;3;38316.96;13
858;6;22/2/2023;11;4;49496.15;37
859;5;24/2/2023;10;3;31113.01;10
860;3;27/2/2023;7;3;70645.11;37
861;3;1/3/2023;4;5;51313.13;34
862;1;3/3/2023;30;3;74082.62;47
863;3;5/3/2023;3;1;46976.32;43
864;6;7/3/2023;31;4;67496.7;35
865;2;10/3/2023;23;4;21664.57;42
866;1;12/3/2023;8;5;39159.89;26
867;8;14/3/2023;3;1;30215.89;50
868;6;16/3/2023;30;2;39521.39;26
869;8;18/3/2023;1;5;48512.91;32
870;8;21/3/2023;16;1;55892.93;44
871;5;23/3/2023;24;2;18627.22;45
872;8;25/3/2023;7;5;44527.52;43
873;8;27/3/2023;5;2;56796.32;16
874;3;29/3/2023;25;3;79554.15;30
875;4;31/3/2023;10;2;19546.8;20
876;1;3/4/2023;20;2;28318.31;10
877;1;5/4/2023;13;3;21680.25;13
878;6;7/4/2023;26;3;65010.49;26
879;3;9/4/2023;15;3;68427.96;43
880;4;11/4/2023;9;5;74103.6;11
881;3;14/4/2023;12;3;70363.73;13
882;5;16/4/2023;20;4;40581.46;38
883;4;18/4/2023;4;2;22492.09;10
884;5;20/4/2023;27;4;75937.25;5
885;2;22/4/2023;2;5;55818.24;49
886;5;25/4/2023;3;4;29355.24;40
887;1;27/4/2023;2;3;30183.13;21
888;1;29/4/2023;15;1;67670.36;16
889;2;1/5/2023;9;5;39150.17;2
890;3;3/5/2023;15;4;65469.85;26
891;8;6/5/2023;18;2;26077.52;34
892;1;8/5/2023;7;3;40024.26;11
893;5;10/5/2023;1;2;46240.5;33
894;7;12/5/2023;31;1;29233.63;3
895;1;14/5/2023;19;3;37533.69;34
896;7;17/5/2023;11;5;33964.26;9
897;3;19/5/2023;15;5;22941.16;27
898;2;21/5/2023;22;3;19763.47;48
899;3;23/5/2023;15;1;55409.01;28
900;1;25/5/2023;22;3;44387.22;14
901;2;27/5/2023;15;2;74160.77;33
902;5;30/5/2023;12;5;67450.91;5
903;6;1/6/2023;12;5;68511.71;25
904;6;3/6/2023;24;4;43252.78;1
905;2;5/6/2023;13;4;26504.83;40
906;6;7/6/2023;1;3;44663.06;12
907;4;10/6/2023;12;2;48061.87;22
908;2;12/6/2023;23;1;35628.11;35
909;6;14/6/2023;27;3;43172.36;40
910;5;16/6/2023;1;2;18001.13;34
911;2;18/6/2023;14;5;15144.84;8
912;5;21/6/2023;16;2;46064.95;18
913;7;23/6/2023;16;4;66612.89;9
914;6;25/6/2023;9;5;67526.56;39
915;8;27/6/2023;4;4;51876.29;48
916;8;29/6/2023;24;3;60921.41;41
917;2;2/7/2023;30;3;61747.82;45
918;3;4/7/2023;11;5;36990.68;34
919;6;6/7/2023;27;2;24485.94;10
920;4;8/7/2023;8;5;44399.47;7
921;2;10/7/2023;2;4;40183.59;38
922;2;13/7/2023;31;1;35663.58;10
923;1;15/7/2023;6;3;77213.05;10
924;4;17/7/2023;20;1;46057.24;13
925;1;19/7/2023;24;1;24075.92;13
926;1;21/7/2023;18;4;24685.47;12
927;3;23/7/2023;28;5;49941.05;7
928;3;26/7/2023;8;2;37696.13;11
929;1;28/7/2023;29;5;30246.16;34
930;2;30/7/2023;15;5;54737.1;1
931;8;1/8/2023;21;3;42273.18;44
932;2;3/8/2023;31;4;56535.56;45
933;7;6/8/2023;16;3;55351.02;3
934;1;8/8/2023;5;5;23661.71;11
935;2;10/8/2023;13;5;49543.44;14
936;8;12/8/2023;9;4;67106.53;12
937;1;14/8/2023;30;4;54622.31;36
938;1;17/8/2023;25;4;78977.26;5
939;2;19/8/2023;29;2;26796.32;37
940;6;21/8/2023;3;4;26811.31;50
941;1;23/8/2023;31;5;44493.76;26
942;2;25/8/2023;2;2;73146.98;49
943;1;28/8/2023;26;2;75769.06;45
944;6;30/8/2023;13;4;26559.31;6
945;2;1/9/2023;20;1;41068.64;12
946;6;3/9/2023;9;1;50406.6;11
947;7;5/9/2023;8;5;40473.16;9
948;3;8/9/2023;26;1;45905.91;30
949;3;10/9/2023;12;5;29437.64;45
950;6;12/9/2023;30;1;49364.46;7
951;5;14/9/2023;29;4;16237.12;49
952;4;16/9/2023;14;1;73321.26;22
953;5;18/9/2023;24;2;75957.07;30
954;8;21/9/2023;27;1;41763.68;16
955;2;23/9/2023;4;2;52589.91;34
956;3;25/9/2023;4;5;58200.01;27
957;8;27/9/2023;14;1;22135.49;5
958;6;29/9/2023;19;4;63525.69;39
959;6;2/10/2023;21;1;79618.11;25
960;2;4/10/2023;23;2;48361.89;3
961;8;6/10/2023;2;4;50700.21;14
962;3;8/10/2023;25;3;73459.35;47
963;7;10/10/2023;29;3;19572.71;9
964;3;13/10/2023;13;4;47603.68;21
965;3;15/10/2023;8;3;31881.07;44
966;6;17/10/2023;6;2;49454.22;15
967;7;19/10/2023;10;2;68080.87;29
968;4;21/10/2023;12;4;43168.88;41
969;8;24/10/2023;14;4;73759.01;4
970;5;26/10/2023;25;5;28385.12;30
971;2;28/10/2023;17;3;26181.65;7
972;8;30/10/2023;25;1;74382.85;49
973;6;1/11/2023;14;4;19049.06;16
974;6;4/11/2023;13;2;38782.61;37
975;7;6/11/2023;2;2;17282.88;23
976;5;8/11/2023;17;5;47680.32;31
977;2;10/11/2023;21;2;20525.08;43
978;2;12/11/2023;31;3;76727.17;16
979;1;14/11/2023;11;2;33133.25;44
980;5;17/11/2023;8;3;54561.41;28
981;1;19/11/2023;7;5;35999.69;38
982;5;21/11/2023;12;3;19435.87;41
983;8;23/11/2023;6;3;77463.51;30
984;3;25/11/2023;16;1;38608.16;22
985;7;28/11/2023;12;5;77095.49;15
986;2;30/11/2023;14;2;19130.84;13
987;2;2/12/2023;26;1;57911.42;29
988;6;4/12/2023;12;2;53897.64;15
989;3;6/12/2023;9;5;42081.8;10
990;6;9/12/2023;24;4;66967.48;24
991;2;11/12/2023;1;3;53700.55;43
992;3;13/12/2023;4;5;68689.72;43
993;1;15/12/2023;13;3;22179.4;8
994;2;17/12/2023;21;2;76094.68;20
995;2;20/12/2023;19;4;73390.74;32
996;8;22/12/2023;1;5;73910.74;22
997;2;24/12/2023;22;3;70413.42;24
998;3;26/12/2023;31;1;68966.79;49
999;3;28/12/2023;25;5;39723.17;43
1000;3;31/12/2023;31;3;37031.05;15
